modelo,threshold,accuracy,precision,recall,f1,roc_auc,pr_auc,brier
XGBoost,0.25,0.6868686868686869,0.5986984815618221,0.8961038961038961,0.717815344603381,0.8450497554393658,0.826196654837839,0.16199912130832672
Regressao Logistica,0.325,0.7373737373737373,0.7350746268656716,0.6396103896103896,0.6840277777777778,0.8317338505650194,0.813427904935317,0.18351753245425706
Random Forest,0.325,0.6753246753246753,0.588865096359743,0.8928571428571429,0.7096774193548387,0.8277787147917018,0.8129434478590745,0.17500463081793002
Extra Trees,0.325,0.658008658008658,0.5766738660907127,0.8668831168831169,0.6926070038910506,0.8104233428908754,0.7854262890756122,0.1904629411281244
