modelo,accuracy,precision,recall,f1,roc_auc,pr_auc,cv_accuracy_mean,cv_accuracy_std,cv_recall_mean,cv_f1_mean,rank_acuracia_teste,delta_accuracy_teste_vs_cv
XGBoost,0.7561327561327561,0.7607142857142857,0.9240780911062907,0.8344760039177277,0.8102934026479168,0.895309986181966,0.7263463005339436,0.04969982934446249,0.7262745098039216,0.7970031478993451,1,0.029786455598812545
Random Forest,0.746031746031746,0.7272727272727273,0.9891540130151844,0.8382352941176471,0.8191431670281996,0.9012253999736712,0.7437833714721587,0.042638428918919453,0.7522689075630252,0.8129723859891769,2,0.002248374559587374
Extra Trees,0.7445887445887446,0.75,0.9240780911062907,0.8279883381924198,0.7983487919814496,0.8899905555776453,0.7368421052631579,0.028188653226224457,0.7169187675070028,0.8006795096373128,3,0.007746639325586724
Regressao Logistica,0.7301587301587301,0.7337883959044369,0.9327548806941431,0.8213944603629417,0.7946929463684642,0.8895972043952334,0.7751945080091533,0.04023859426562936,0.7593557422969188,0.8313116727316032,4,-0.04503577785042323
