modelo,threshold,accuracy,precision,recall,f1,roc_auc,pr_auc,brier
Random Forest,0.375,0.7489177489177489,0.7922606924643585,0.8438177874186551,0.8172268907563025,0.8152068217518138,0.9010081116430934,0.1771004938154032
Extra Trees,0.4,0.7200577200577201,0.8379746835443038,0.7180043383947939,0.7733644859813084,0.8050714339142793,0.8933410472324993,0.1960826995339046
Regressao Logistica,0.125,0.7258297258297258,0.7262103505843072,0.9436008676789588,0.8207547169811321,0.7928883985339218,0.8892018464579126,0.2203220339449642
XGBoost,0.15,0.7243867243867244,0.7393617021276596,0.9045553145336226,0.8136585365853658,0.787568254918094,0.8831001917413281,0.19830968976020813
