modelo,threshold,accuracy,precision,recall,f1,roc_auc,pr_auc,brier
Random Forest,0.25,0.746031746031746,0.7272727272727273,0.9891540130151844,0.8382352941176471,0.8191431670281996,0.9012253999736712,0.19063577647762545
XGBoost,0.25,0.7561327561327561,0.7607142857142857,0.9240780911062907,0.8344760039177277,0.8102934026479168,0.895309986181966,0.19871701300144196
Extra Trees,0.3,0.7445887445887446,0.75,0.9240780911062907,0.8279883381924198,0.7983487919814496,0.8899905555776453,0.2160002980140456
Regressao Logistica,0.15,0.7301587301587301,0.7337883959044369,0.9327548806941431,0.8213944603629417,0.7946929463684642,0.8895972043952334,0.21924560169966878
