modelo,accuracy,precision,recall,f1,roc_auc,pr_auc,cv_accuracy_mean,cv_accuracy_std,cv_recall_mean,cv_f1_mean,rank_acuracia_teste,delta_accuracy_teste_vs_cv
Random Forest,0.7489177489177489,0.7922606924643585,0.8438177874186551,0.8172268907563025,0.8152068217518138,0.9010081116430934,0.7873531655225019,0.04057220785991742,0.8419047619047619,0.8541621302848847,1,-0.038435416604753025
Regressao Logistica,0.7258297258297258,0.7262103505843072,0.9436008676789588,0.8207547169811321,0.7928883985339218,0.8892018464579126,0.7787032799389779,0.03575287030625098,0.7688235294117647,0.8354109674094546,2,-0.0528735541092521
XGBoost,0.7243867243867244,0.7393617021276596,0.9045553145336226,0.8136585365853658,0.787568254918094,0.8831001917413281,0.7804424103737605,0.024042715484363097,0.8443417366946779,0.8505286500425523,3,-0.05605568598703614
Extra Trees,0.7200577200577201,0.8379746835443038,0.7180043383947939,0.7733644859813084,0.8050714339142793,0.8933410472324993,0.7803356216628529,0.0454996128573553,0.7899719887955182,0.841302882399971,4,-0.0602779016051328
